[
  {
    "username": "bahaaar",
    "password": "Bhhr3848*",
    "isGuest": false,
    "score": 0
  },
  {
    "username": "bahaaar",
    "password": "Bhhr3848*",
    "isGuest": false,
    "score": 0
  },
  {
    "username": "Bahar",
    "password": "Bhhr3848*",
    "isGuest": false,
    "score": 0
  },
  {
    "username": "Bahar",
    "password": "Bhhr3848*",
    "isGuest": false,
    "score": 0
  },
  {
    "username": "bahar",
    "password": "Bhr8484*38",
    "isGuest": false,
    "score": 0
  },
  {
    "username": "bahar4",
    "password": "Bhr48928^",
    "isGuest": false,
    "avatarPath": "../../resources/Images/avatars/avatar3.png",
    "score": 0
  },
  {
    "username": "Bahar6",
    "password": "Bhr489828%",
    "isGuest": false,
    "avatarPath": "/Images/avatars/avatar3.png",
    "score": 0
  },
  {
    "username": "Bahar7",
    "password": "Bhr489828%",
    "isGuest": false,
    "avatarPath": "/Images/avatars/avatar3.png",
    "score": 0
  },
  {
    "username": "Bahar9",
    "password": "Bhr489828%",
    "isGuest": false,
    "avatarPath": "/Images/avatars/avatar3.png",
    "score": 0
  }
]